{
	"analysis": {
		"install": { "file": "install.R", "version": "1.0.0" },
		"analysis": { "file": "ta3.R", "version": "0.4.8" },
		"case_scores": { "file": "TA3_Case_Scores.Rda", "version": "1.0.1" },
		"bum": { "file": "TA3BUM.Rda", "version": "1.13.0" },
		"oum": { "file": "TA3OUM.Rda", "version": "1.13.0" }
  },
  "pdf": {
		"trait_manual": { "file": "trait-manual.pdf", "version": "1.0.0" },
		"collection_form": { "file": "collection-form.pdf", "version": "1.0.0" },
		"user_guide": { "file": "user-guide.pdf", "version": "0.16.0" }
	},
	"application": "0.8.4",
	"r_portable": "3.6.2",
	"database": "1.0.3"
}